epoch;loss;val_loss
0;0.07525110451922733;0.18549936006263812
1;0.03027073381354614;0.054817357993855766
2;0.025503078874732767;0.027830131542013616
