epoch;loss;val_loss
0;0.042679183283355085;0.01872182546928525
